Workbook

Sheet Léeme
A1: Torre del Caribe · Probabilidad de tormenta por mes (proceso de Poisson)
A2: Fuente: HURDAT2 (NOAA). Evento = tormenta tropical o huracán (≥ 34 nudos) a ≤ 200 km de Chetumal, 1966–2025.
A3: λ_m = eventos que empezaron en el mes m ÷ 60 años. P(al menos una tormenta) = 1 − EXP(−λ_m).
A4: Las columnas en gris son el mismo valor calculado en Python (notebook 5) para comprobar las fórmulas.
A5: Hojas: Eventos (los 31 casos), Poisson por mes, Prueba de dispersión, Tendencia.

Sheet Eventos
A1: Tormenta | B1: Nombre | C1: Año | D1: Mes | E1: Viento máximo (nudos) | F1: Distancia mínima a Chetumal (km)
A2: AL131971 | B2: EDITH | C2: 1971 | D2: 9 | E2: 60 | F2: 59.5
A3: AL221971 | B3: LAURA | C3: 1971 | D3: 11 | E3: 60 | F3: 157.9
A4: AL021972 | B4: AGNES | C4: 1972 | D4: 6 | E4: 40 | F4: 191.7
A5: AL191973 | B5: UNNAMED | C5: 1973 | D5: 7 | E5: 40 | F5: 119
A6: AL101974 | B6: CARMEN | C6: 1974 | D6: 9 | E6: 135 | F6: 15.3
A7: AL161978 | B7: GRETA | C7: 1978 | D7: 9 | E7: 95 | F7: 167.1
A8: AL131980 | B8: HERMINE | C8: 1980 | D8: 9 | E8: 60 | F8: 64.3
A9: AL051990 | B9: DIANA | C9: 1990 | D9: 8 | E9: 55 | F9: 92.3
A10: AL081993 | B10: GERT | C10: 1993 | D10: 9 | E10: 35 | F10: 46
A11: AL191995 | B11: ROXANNE | C11: 1995 | D11: 10 | E11: 100 | F11: 168.1
A12: AL041996 | B12: DOLLY | C12: 1996 | D12: 8 | E12: 65 | F12: 88.5
A13: AL152000 | B13: KEITH | C13: 2000 | D13: 9 | E13: 120 | F13: 56.6
... A32: AL192024 | B32: SARA | C32: 2024 | D32: 11 | E32: 35 | F32: 166.8

Sheet Poisson por mes
A1: Mes | B1: Nombre | C1: Eventos | D1: Años | E1: λ (por año) | F1: P(al menos una) | G1: P(0) | H1: P(1) | I1: P(2 o más) | J1: λ inferior 90 % | K1: λ superior 90 % | L1: P inferior 90 % | M1: P superior 90 % | N1: P en Python
A2: 1 | B2: ene | C2: =COUNTIF(Eventos!D:D,A2) | D2: 60 | E2: =C2/D2 | F2: =1-EXP(-E2) | G2: =_xlfn.POISSON.DIST(0,E2,FALSE) | H2: =_xlfn.POISSON.DIST(1,E2,FALSE) | I2: =1-G2-H2 | J2: =IF(C2=0,0,_xlfn.CHISQ.INV(0.05,2*C2)/2/D2) | K2: =_xlfn.CHISQ.INV(0.95,2*C2+2)/2/D2 | L2: =1-EXP(-J2) | M2: =1-EXP(-K2) | N2: 0
A3: 2 | B3: feb | C3: =COUNTIF(Eventos!D:D,A3) | D3: 60 | E3: =C3/D3 | F3: =1-EXP(-E3) | G3: =_xlfn.POISSON.DIST(0,E3,FALSE) | H3: =_xlfn.POISSON.DIST(1,E3,FALSE) | I3: =1-G3-H3 | J3: =IF(C3=0,0,_xlfn.CHISQ.INV(0.05,2*C3)/2/D3) | K3: =_xlfn.CHISQ.INV(0.95,2*C3+2)/2/D3 | L3: =1-EXP(-J3) | M3: =1-EXP(-K3) | N3: 0
A4: 3 | B4: mar | C4: =COUNTIF(Eventos!D:D,A4) | D4: 60 | E4: =C4/D4 | F4: =1-EXP(-E4) | G4: =_xlfn.POISSON.DIST(0,E4,FALSE) | H4: =_xlfn.POISSON.DIST(1,E4,FALSE) | I4: =1-G4-H4 | J4: =IF(C4=0,0,_xlfn.CHISQ.INV(0.05,2*C4)/2/D4) | K4: =_xlfn.CHISQ.INV(0.95,2*C4+2)/2/D4 | L4: =1-EXP(-J4) | M4: =1-EXP(-K4) | N4: 0
A5: 4 | B5: abr | C5: =COUNTIF(Eventos!D:D,A5) | D5: 60 | E5: =C5/D5 | F5: =1-EXP(-E5) | G5: =_xlfn.POISSON.DIST(0,E5,FALSE) | H5: =_xlfn.POISSON.DIST(1,E5,FALSE) | I5: =1-G5-H5 | J5: =IF(C5=0,0,_xlfn.CHISQ.INV(0.05,2*C5)/2/D5) | K5: =_xlfn.CHISQ.INV(0.95,2*C5+2)/2/D5 | L5: =1-EXP(-J5) | M5: =1-EXP(-K5) | N5: 0
A6: 5 | B6: may | C6: =COUNTIF(Eventos!D:D,A6) | D6: 60 | E6: =C6/D6 | F6: =1-EXP(-E6) | G6: =_xlfn.POISSON.DIST(0,E6,FALSE) | H6: =_xlfn.POISSON.DIST(1,E6,FALSE) | I6: =1-G6-H6 | J6: =IF(C6=0,0,_xlfn.CHISQ.INV(0.05,2*C6)/2/D6) | K6: =_xlfn.CHISQ.INV(0.95,2*C6+2)/2/D6 | L6: =1-EXP(-J6) | M6: =1-EXP(-K6) | N6: 0.016529
A7: 6 | B7: jun | C7: =COUNTIF(Eventos!D:D,A7) | D7: 60 | E7: =C7/D7 | F7: =1-EXP(-E7) | G7: =_xlfn.POISSON.DIST(0,E7,FALSE) | H7: =_xlfn.POISSON.DIST(1,E7,FALSE) | I7: =1-G7-H7 | J7: =IF(C7=0,0,_xlfn.CHISQ.INV(0.05,2*C7)/2/D7) | K7: =_xlfn.CHISQ.INV(0.95,2*C7+2)/2/D7 | L7: =1-EXP(-J7) | M7: =1-EXP(-K7) | N7: 0.048771
A8: 7 | B8: jul | C8: =COUNTIF(Eventos!D:D,A8) | D8: 60 | E8: =C8/D8 | F8: =1-EXP(-E8) | G8: =_xlfn.POISSON.DIST(0,E8,FALSE) | H8: =_xlfn.POISSON.DIST(1,E8,FALSE) | I8: =1-G8-H8 | J8: =IF(C8=0,0,_xlfn.CHISQ.INV(0.05,2*C8)/2/D8) | K8: =_xlfn.CHISQ.INV(0.95,2*C8+2)/2/D8 | L8: =1-EXP(-J8) | M8: =1-EXP(-K8) | N8: 0.016529
A9: 8 | B9: ago | C9: =COUNTIF(Eventos!D:D,A9) | D9: 60 | E9: =C9/D9 | F9: =1-EXP(-E9) | G9: =_xlfn.POISSON.DIST(0,E9,FALSE) | H9: =_xlfn.POISSON.DIST(1,E9,FALSE) | I9: =1-G9-H9 | J9: =IF(C9=0,0,_xlfn.CHISQ.INV(0.05,2*C9)/2/D9) | K9: =_xlfn.CHISQ.INV(0.95,2*C9+2)/2/D9 | L9: =1-EXP(-J9) | M9: =1-EXP(-K9) | N9: 0.139292
A10: 9 | B10: sep | C10: =COUNTIF(Eventos!D:D,A10) | D10: 60 | E10: =C10/D10 | F10: =1-EXP(-E10) | G10: =_xlfn.POISSON.DIST(0,E10,FALSE) | H10: =_xlfn.POISSON.DIST(1,E10,FALSE) | I10: =1-G10-H10 | J10: =IF(C10=0,0,_xlfn.CHISQ.INV(0.05,2*C10)/2/D10) | K10: =_xlfn.CHISQ.INV(0.95,2*C10+2)/2/D10 | L10: =1-EXP(-J10) | M10: =1-EXP(-K10) | N10: 0.124827
A11: 10 | B11: oct | C11: =COUNTIF(Eventos!D:D,A11) | D11: 60 | E11: =C11/D11 | F11: =1-EXP(-E11) | G11: =_xlfn.POISSON.DIST(0,E11,FALSE) | H11: =_xlfn.POISSON.DIST(1,E11,FALSE) | I11: =1-G11-H11 | J11: =IF(C11=0,0,_xlfn.CHISQ.INV(0.05,2*C11)/2/D11) | K11: =_xlfn.CHISQ.INV(0.95,2*C11+2)/2/D11 | L11: =1-EXP(-J11) | M11: =1-EXP(-K11) | N11: 0.095163
A12: 11 | B12: nov | C12: =COUNTIF(Eventos!D:D,A12) | D12: 60 | E12: =C12/D12 | F12: =1-EXP(-E12) | G12: =_xlfn.POISSON.DIST(0,E12,FALSE) | H12: =_xlfn.POISSON.DIST(1,E12,FALSE) | I12: =1-G12-H12 | J12: =IF(C12=0,0,_xlfn.CHISQ.INV(0.05,2*C12)/2/D12) | K12: =_xlfn.CHISQ.INV(0.95,2*C12+2)/2/D12 | L12: =1-EXP(-J12) | M12: =1-EXP(-K12) | N12: 0.048771
A13: 12 | B13: dic | C13: =COUNTIF(Eventos!D:D,A13) | D13: 60 | E13: =C13/D13 | F13: =1-EXP(-E13) | G13: =_xlfn.POISSON.DIST(0,E13,FALSE) | H13: =_xlfn.POISSON.DIST(1,E13,FALSE) | I13: =1-G13-H13 | J13: =IF(C13=0,0,_xlfn.CHISQ.INV(0.05,2*C13)/2/D13) | K13: =_xlfn.CHISQ.INV(0.95,2*C13+2)/2/D13 | L13: =1-EXP(-J13) | M13: =1-EXP(-K13) | N13: 0

Sheet Prueba de dispersión
A1: Año | B1: Tormentas | D1: Cálculo | E1: Fórmula | F1: Python
A2: 1966 | B2: =COUNTIF(Eventos!C:C,A2) | D2: Media | E2: =AVERAGE(B2:B61) | F2: 0.516667
A3: 1967 | B3: =COUNTIF(Eventos!C:C,A3) | D3: Varianza | E3: =_xlfn.VAR.S(B2:B61) | F3: 0.55904
A4: 1968 | B4: =COUNTIF(Eventos!C:C,A4) | D4: Índice de dispersión (varianza ÷ media) | E4: =E3/E2 | F4: 1.082012
A5: 1969 | B5: =COUNTIF(Eventos!C:C,A5) | D5: Estadístico D = (n−1)·varianza ÷ media | E5: =(COUNT(B2:B61)-1)*E3/E2 | F5: 63.83871
A6: 1970 | B6: =COUNTIF(Eventos!C:C,A6) | D6: p-valor (χ² con n−1 grados) | E6: =_xlfn.CHISQ.DIST.RT(E5,COUNT(B2:B61)-1) | F6: 0.310361
A7: 1971 | B7: =COUNTIF(Eventos!C:C,A7)
A8: 1972 | B8: =COUNTIF(Eventos!C:C,A8)
A9: 1973 | B9: =COUNTIF(Eventos!C:C,A9) | D9: Años con 0 tormentas: observados / esperados | E9: =COUNTIF(B2:B61,0) | F9: =COUNT(B2:B61)*_xlfn.POISSON.DIST(0,E2,FALSE)
A10: 1974 | B10: =COUNTIF(Eventos!C:C,A10) | D10: Años con 1 tormentas: observados / esperados | E10: =COUNTIF(B2:B61,1) | F10: =COUNT(B2:B61)*_xlfn.POISSON.DIST(1,E2,FALSE)
A11: 1975 | B11: =COUNTIF(Eventos!C:C,A11) | D11: Años con 2 tormentas: observados / esperados | E11: =COUNTIF(B2:B61,2) | F11: =COUNT(B2:B61)*_xlfn.POISSON.DIST(2,E2,FALSE)
A12: 1976 | B12: =COUNTIF(Eventos!C:C,A12) | D12: Años con 3 tormentas: observados / esperados | E12: =COUNTIF(B2:B61,3) | F12: =COUNT(B2:B61)*_xlfn.POISSON.DIST(3,E2,FALSE)
A13: 1977 | B13: =COUNTIF(Eventos!C:C,A13)
A14: 1978 | B14: =COUNTIF(Eventos!C:C,A14)
A15: 1979 | B15: =COUNTIF(Eventos!C:C,A15)
A16: 1980 | B16: =COUNTIF(Eventos!C:C,A16)
A17: 1981 | B17: =COUNTIF(Eventos!C:C,A17)
A18: 1982 | B18: =COUNTIF(Eventos!C:C,A18)
A19: 1983 | B19: =COUNTIF(Eventos!C:C,A19)
A20: 1984 | B20: =COUNTIF(Eventos!C:C,A20)
A21: 1985 | B21: =COUNTIF(Eventos!C:C,A21)
A22: 1986 | B22: =COUNTIF(Eventos!C:C,A22)
A23: 1987 | B23: =COUNTIF(Eventos!C:C,A23)
A24: 1988 | B24: =COUNTIF(Eventos!C:C,A24)
... A61: 2025 | B61: =COUNTIF(Eventos!C:C,A61)

Sheet Tendencia
A1: Cálculo | B1: Fórmula | C1: Python
A2: Eventos 1966–1995 | B2: =COUNTIF(Eventos!C:C,"<=1995") | C2: 10
A3: Eventos 1996–2025 | B3: =COUNTIF(Eventos!C:C,">=1996") | C3: 21
A4: Total | B4: =B2+B3 | C4: 31
A5: p-valor binomial de dos colas (misma tasa = 50 % en cada mitad) | B5: =MIN(1,2*(1-_xlfn.BINOM.DIST(B3-1,B4,0.5,TRUE))) | C5: 0.070756
A7: Mes | B7: P con 60 años | C7: P con 30 años (1996–2025)
A8: 1 | B8: =1-EXP(-COUNTIF(Eventos!D:D,A8)/60) | C8: =1-EXP(-COUNTIFS(Eventos!D:D,A8,Eventos!C:C,">=1996")/30)
A9: 2 | B9: =1-EXP(-COUNTIF(Eventos!D:D,A9)/60) | C9: =1-EXP(-COUNTIFS(Eventos!D:D,A9,Eventos!C:C,">=1996")/30)
A10: 3 | B10: =1-EXP(-COUNTIF(Eventos!D:D,A10)/60) | C10: =1-EXP(-COUNTIFS(Eventos!D:D,A10,Eventos!C:C,">=1996")/30)
A11: 4 | B11: =1-EXP(-COUNTIF(Eventos!D:D,A11)/60) | C11: =1-EXP(-COUNTIFS(Eventos!D:D,A11,Eventos!C:C,">=1996")/30)
A12: 5 | B12: =1-EXP(-COUNTIF(Eventos!D:D,A12)/60) | C12: =1-EXP(-COUNTIFS(Eventos!D:D,A12,Eventos!C:C,">=1996")/30)
A13: 6 | B13: =1-EXP(-COUNTIF(Eventos!D:D,A13)/60) | C13: =1-EXP(-COUNTIFS(Eventos!D:D,A13,Eventos!C:C,">=1996")/30)
A14: 7 | B14: =1-EXP(-COUNTIF(Eventos!D:D,A14)/60) | C14: =1-EXP(-COUNTIFS(Eventos!D:D,A14,Eventos!C:C,">=1996")/30)
A15: 8 | B15: =1-EXP(-COUNTIF(Eventos!D:D,A15)/60) | C15: =1-EXP(-COUNTIFS(Eventos!D:D,A15,Eventos!C:C,">=1996")/30)
A16: 9 | B16: =1-EXP(-COUNTIF(Eventos!D:D,A16)/60) | C16: =1-EXP(-COUNTIFS(Eventos!D:D,A16,Eventos!C:C,">=1996")/30)
A17: 10 | B17: =1-EXP(-COUNTIF(Eventos!D:D,A17)/60) | C17: =1-EXP(-COUNTIFS(Eventos!D:D,A17,Eventos!C:C,">=1996")/30)
A18: 11 | B18: =1-EXP(-COUNTIF(Eventos!D:D,A18)/60) | C18: =1-EXP(-COUNTIFS(Eventos!D:D,A18,Eventos!C:C,">=1996")/30)
A19: 12 | B19: =1-EXP(-COUNTIF(Eventos!D:D,A19)/60) | C19: =1-EXP(-COUNTIFS(Eventos!D:D,A19,Eventos!C:C,">=1996")/30)
